dataset,method,k,macro_f1,baseline_macro_f1,threshold_90_percent
NSL-KDD,SHAP,0,0.25645848195948723,0.7228726187387609,0.6505853568648848
NSL-KDD,SHAP,1,0.2560564111437965,0.7228726187387609,0.6505853568648848
NSL-KDD,SHAP,2,0.2564263322884012,0.7228726187387609,0.6505853568648848
NSL-KDD,SHAP,3,0.5643265100719184,0.7228726187387609,0.6505853568648848
NSL-KDD,SHAP,4,0.5649828419813838,0.7228726187387609,0.6505853568648848
NSL-KDD,SHAP,5,0.5922745159760834,0.7228726187387609,0.6505853568648848
NSL-KDD,SHAP,6,0.6209952558588918,0.7228726187387609,0.6505853568648848
NSL-KDD,SHAP,7,0.6212394677567881,0.7228726187387609,0.6505853568648848
NSL-KDD,SHAP,8,0.5981578144191686,0.7228726187387609,0.6505853568648848
NSL-KDD,SHAP,9,0.6056034575077518,0.7228726187387609,0.6505853568648848
NSL-KDD,SHAP,10,0.6288175730425247,0.7228726187387609,0.6505853568648848
NSL-KDD,SHAP,11,0.6370888247113073,0.7228726187387609,0.6505853568648848
NSL-KDD,SHAP,12,0.6479765791805276,0.7228726187387609,0.6505853568648848
NSL-KDD,SHAP,13,0.6813786799652979,0.7228726187387609,0.6505853568648848
NSL-KDD,LIME,0,0.25645848195948723,0.7228726187387609,0.6505853568648848
NSL-KDD,LIME,1,0.2560564111437965,0.7228726187387609,0.6505853568648848
NSL-KDD,LIME,2,0.42391415876885297,0.7228726187387609,0.6505853568648848
NSL-KDD,LIME,3,0.42391415876885297,0.7228726187387609,0.6505853568648848
NSL-KDD,LIME,4,0.4895443538446902,0.7228726187387609,0.6505853568648848
NSL-KDD,LIME,5,0.4895443538446902,0.7228726187387609,0.6505853568648848
NSL-KDD,LIME,6,0.49094402666766296,0.7228726187387609,0.6505853568648848
NSL-KDD,LIME,7,0.5022531894482493,0.7228726187387609,0.6505853568648848
NSL-KDD,LIME,8,0.5022531894482493,0.7228726187387609,0.6505853568648848
NSL-KDD,LIME,9,0.5022531894482493,0.7228726187387609,0.6505853568648848
NSL-KDD,LIME,10,0.5022531894482493,0.7228726187387609,0.6505853568648848
NSL-KDD,LIME,11,0.5022531894482493,0.7228726187387609,0.6505853568648848
NSL-KDD,LIME,12,0.5022531894482493,0.7228726187387609,0.6505853568648848
NSL-KDD,LIME,13,0.5022531894482493,0.7228726187387609,0.6505853568648848
NSL-KDD,LIME,14,0.5022531894482493,0.7228726187387609,0.6505853568648848
NSL-KDD,LIME,15,0.5022531894482493,0.7228726187387609,0.6505853568648848
NSL-KDD,LIME,16,0.5022531894482493,0.7228726187387609,0.6505853568648848
NSL-KDD,LIME,17,0.5751716467892256,0.7228726187387609,0.6505853568648848
NSL-KDD,LIME,18,0.5751716467892256,0.7228726187387609,0.6505853568648848
NSL-KDD,LIME,19,0.5751716467892256,0.7228726187387609,0.6505853568648848
NSL-KDD,LIME,20,0.5759880453307702,0.7228726187387609,0.6505853568648848
NSL-KDD,LIME,21,0.5759880453307702,0.7228726187387609,0.6505853568648848
NSL-KDD,LIME,22,0.5759880453307702,0.7228726187387609,0.6505853568648848
NSL-KDD,LIME,23,0.655981744569462,0.7228726187387609,0.6505853568648848
NSL-KDD,GWO,0,0.25645848195948723,0.7228726187387609,0.6505853568648848
NSL-KDD,GWO,1,0.2560564111437965,0.7228726187387609,0.6505853568648848
NSL-KDD,GWO,2,0.33590643403847087,0.7228726187387609,0.6505853568648848
NSL-KDD,GWO,3,0.6512735513931885,0.7228726187387609,0.6505853568648848
RT-IoT2022,SHAP,0,0.00034447821681864236,0.9806186572560694,0.8825567915304625
RT-IoT2022,SHAP,1,0.13664738978807436,0.9806186572560694,0.8825567915304625
RT-IoT2022,SHAP,2,0.18589423325431828,0.9806186572560694,0.8825567915304625
RT-IoT2022,SHAP,3,0.2531941134873246,0.9806186572560694,0.8825567915304625
RT-IoT2022,SHAP,4,0.22183350304311936,0.9806186572560694,0.8825567915304625
RT-IoT2022,SHAP,5,0.2347735776168993,0.9806186572560694,0.8825567915304625
RT-IoT2022,SHAP,6,0.2865813080552993,0.9806186572560694,0.8825567915304625
RT-IoT2022,SHAP,7,0.3563464392168562,0.9806186572560694,0.8825567915304625
RT-IoT2022,SHAP,8,0.36006505438389297,0.9806186572560694,0.8825567915304625
RT-IoT2022,SHAP,9,0.37212116737261636,0.9806186572560694,0.8825567915304625
RT-IoT2022,SHAP,10,0.46413239050241545,0.9806186572560694,0.8825567915304625
RT-IoT2022,SHAP,11,0.4597756692378259,0.9806186572560694,0.8825567915304625
RT-IoT2022,SHAP,12,0.46112893647831427,0.9806186572560694,0.8825567915304625
RT-IoT2022,SHAP,13,0.48760890287333175,0.9806186572560694,0.8825567915304625
RT-IoT2022,SHAP,14,0.4886186318278216,0.9806186572560694,0.8825567915304625
RT-IoT2022,SHAP,15,0.4996031332198858,0.9806186572560694,0.8825567915304625
RT-IoT2022,SHAP,16,0.49799404797932184,0.9806186572560694,0.8825567915304625
RT-IoT2022,SHAP,17,0.6504481949928774,0.9806186572560694,0.8825567915304625
RT-IoT2022,SHAP,18,0.7315371087618683,0.9806186572560694,0.8825567915304625
RT-IoT2022,SHAP,19,0.7394830058519922,0.9806186572560694,0.8825567915304625
RT-IoT2022,SHAP,20,0.7478171788041655,0.9806186572560694,0.8825567915304625
RT-IoT2022,SHAP,21,0.7455333038015186,0.9806186572560694,0.8825567915304625
RT-IoT2022,SHAP,22,0.7459626422111741,0.9806186572560694,0.8825567915304625
RT-IoT2022,SHAP,23,0.7407106814020317,0.9806186572560694,0.8825567915304625
RT-IoT2022,SHAP,24,0.7514302061003121,0.9806186572560694,0.8825567915304625
RT-IoT2022,SHAP,25,0.755729073476379,0.9806186572560694,0.8825567915304625
RT-IoT2022,SHAP,26,0.754479595320159,0.9806186572560694,0.8825567915304625
RT-IoT2022,SHAP,27,0.7692082505813121,0.9806186572560694,0.8825567915304625
RT-IoT2022,SHAP,28,0.7939217342337989,0.9806186572560694,0.8825567915304625
RT-IoT2022,SHAP,29,0.8622622273984684,0.9806186572560694,0.8825567915304625
RT-IoT2022,SHAP,30,0.8723213716752078,0.9806186572560694,0.8825567915304625
RT-IoT2022,SHAP,31,0.8720532777089595,0.9806186572560694,0.8825567915304625
RT-IoT2022,SHAP,32,0.8673763641897335,0.9806186572560694,0.8825567915304625
RT-IoT2022,SHAP,33,0.9313703352135372,0.9806186572560694,0.8825567915304625
RT-IoT2022,LIME,0,0.00034447821681864236,0.9806186572560694,0.8825567915304625
RT-IoT2022,LIME,1,0.00034447821681864236,0.9806186572560694,0.8825567915304625
RT-IoT2022,LIME,2,0.006792165862968988,0.9806186572560694,0.8825567915304625
RT-IoT2022,LIME,3,0.0899204442071342,0.9806186572560694,0.8825567915304625
RT-IoT2022,LIME,4,0.2056343670973223,0.9806186572560694,0.8825567915304625
RT-IoT2022,LIME,5,0.2988252985722297,0.9806186572560694,0.8825567915304625
RT-IoT2022,LIME,6,0.38915409116475347,0.9806186572560694,0.8825567915304625
RT-IoT2022,LIME,7,0.39225458910443484,0.9806186572560694,0.8825567915304625
RT-IoT2022,LIME,8,0.39210014871264226,0.9806186572560694,0.8825567915304625
RT-IoT2022,LIME,9,0.3947027615412649,0.9806186572560694,0.8825567915304625
RT-IoT2022,LIME,10,0.39295905394539504,0.9806186572560694,0.8825567915304625
RT-IoT2022,LIME,11,0.3933506212846501,0.9806186572560694,0.8825567915304625
RT-IoT2022,LIME,12,0.5213223349024311,0.9806186572560694,0.8825567915304625
RT-IoT2022,LIME,13,0.4140548522154531,0.9806186572560694,0.8825567915304625
RT-IoT2022,LIME,14,0.4140548522154531,0.9806186572560694,0.8825567915304625
RT-IoT2022,LIME,15,0.4140548522154531,0.9806186572560694,0.8825567915304625
RT-IoT2022,LIME,16,0.4135346728495688,0.9806186572560694,0.8825567915304625
RT-IoT2022,LIME,17,0.4135346728495688,0.9806186572560694,0.8825567915304625
RT-IoT2022,LIME,18,0.4135346728495688,0.9806186572560694,0.8825567915304625
RT-IoT2022,LIME,19,0.4135346728495688,0.9806186572560694,0.8825567915304625
RT-IoT2022,LIME,20,0.4134238524327498,0.9806186572560694,0.8825567915304625
RT-IoT2022,LIME,21,0.4134238524327498,0.9806186572560694,0.8825567915304625
RT-IoT2022,LIME,22,0.4134238524327498,0.9806186572560694,0.8825567915304625
RT-IoT2022,LIME,23,0.41379029272498613,0.9806186572560694,0.8825567915304625
RT-IoT2022,LIME,24,0.41379029272498613,0.9806186572560694,0.8825567915304625
RT-IoT2022,LIME,25,0.4098033726189844,0.9806186572560694,0.8825567915304625
RT-IoT2022,LIME,26,0.40923369538200943,0.9806186572560694,0.8825567915304625
RT-IoT2022,LIME,27,0.42313067553359823,0.9806186572560694,0.8825567915304625
RT-IoT2022,LIME,28,0.4309061612109028,0.9806186572560694,0.8825567915304625
RT-IoT2022,LIME,29,0.4309061612109028,0.9806186572560694,0.8825567915304625
RT-IoT2022,LIME,30,0.4309061612109028,0.9806186572560694,0.8825567915304625
RT-IoT2022,LIME,31,0.4309061612109028,0.9806186572560694,0.8825567915304625
RT-IoT2022,LIME,32,0.43079966690266475,0.9806186572560694,0.8825567915304625
RT-IoT2022,LIME,33,0.43457778458187035,0.9806186572560694,0.8825567915304625
RT-IoT2022,LIME,34,0.43457778458187035,0.9806186572560694,0.8825567915304625
RT-IoT2022,LIME,35,0.4359948490260477,0.9806186572560694,0.8825567915304625
RT-IoT2022,LIME,36,0.4367037363005164,0.9806186572560694,0.8825567915304625
RT-IoT2022,LIME,37,0.45269584852625333,0.9806186572560694,0.8825567915304625
RT-IoT2022,LIME,38,0.5370542095243382,0.9806186572560694,0.8825567915304625
RT-IoT2022,LIME,39,0.5370542095243382,0.9806186572560694,0.8825567915304625
RT-IoT2022,LIME,40,0.5356855720878584,0.9806186572560694,0.8825567915304625
RT-IoT2022,LIME,41,0.5355258598152932,0.9806186572560694,0.8825567915304625
RT-IoT2022,LIME,42,0.5355959336598021,0.9806186572560694,0.8825567915304625
RT-IoT2022,LIME,43,0.5752369200024149,0.9806186572560694,0.8825567915304625
RT-IoT2022,LIME,44,0.5752514595573784,0.9806186572560694,0.8825567915304625
RT-IoT2022,LIME,45,0.5752514595573784,0.9806186572560694,0.8825567915304625
RT-IoT2022,LIME,46,0.6179367967698987,0.9806186572560694,0.8825567915304625
RT-IoT2022,LIME,47,0.6421065033792448,0.9806186572560694,0.8825567915304625
RT-IoT2022,LIME,48,0.6523598845257729,0.9806186572560694,0.8825567915304625
RT-IoT2022,LIME,49,0.6580459282353607,0.9806186572560694,0.8825567915304625
RT-IoT2022,LIME,50,0.6911160007210855,0.9806186572560694,0.8825567915304625
RT-IoT2022,LIME,51,0.6911160007210855,0.9806186572560694,0.8825567915304625
RT-IoT2022,LIME,52,0.6747048691516566,0.9806186572560694,0.8825567915304625
RT-IoT2022,LIME,53,0.6723540747875189,0.9806186572560694,0.8825567915304625
RT-IoT2022,LIME,54,0.6952572733843566,0.9806186572560694,0.8825567915304625
RT-IoT2022,LIME,55,0.695305200230946,0.9806186572560694,0.8825567915304625
RT-IoT2022,LIME,56,0.6956502255504099,0.9806186572560694,0.8825567915304625
RT-IoT2022,LIME,57,0.6963741928635553,0.9806186572560694,0.8825567915304625
RT-IoT2022,LIME,58,0.7391705934038457,0.9806186572560694,0.8825567915304625
RT-IoT2022,LIME,59,0.7402029736132899,0.9806186572560694,0.8825567915304625
RT-IoT2022,LIME,60,0.7465302982878034,0.9806186572560694,0.8825567915304625
RT-IoT2022,LIME,61,0.7488362879960636,0.9806186572560694,0.8825567915304625
RT-IoT2022,LIME,62,0.7781940088814241,0.9806186572560694,0.8825567915304625
RT-IoT2022,LIME,63,0.7781940088814241,0.9806186572560694,0.8825567915304625
RT-IoT2022,LIME,64,0.8251267420539129,0.9806186572560694,0.8825567915304625
RT-IoT2022,LIME,65,0.8251267420539129,0.9806186572560694,0.8825567915304625
RT-IoT2022,LIME,66,0.8450905885927988,0.9806186572560694,0.8825567915304625
RT-IoT2022,LIME,67,0.8450905885927988,0.9806186572560694,0.8825567915304625
RT-IoT2022,LIME,68,0.8452017860067892,0.9806186572560694,0.8825567915304625
RT-IoT2022,LIME,69,0.8452017860067892,0.9806186572560694,0.8825567915304625
RT-IoT2022,LIME,70,0.8452017860067892,0.9806186572560694,0.8825567915304625
RT-IoT2022,LIME,71,0.8767059311732394,0.9806186572560694,0.8825567915304625
RT-IoT2022,LIME,72,0.8767059311732394,0.9806186572560694,0.8825567915304625
RT-IoT2022,LIME,73,0.8767059311732394,0.9806186572560694,0.8825567915304625
RT-IoT2022,LIME,74,0.8783288606047588,0.9806186572560694,0.8825567915304625
RT-IoT2022,LIME,75,0.8919985392509041,0.9806186572560694,0.8825567915304625
RT-IoT2022,GWO,0,0.00034447821681864236,0.9806186572560694,0.8825567915304625
RT-IoT2022,GWO,1,0.00034447821681864236,0.9806186572560694,0.8825567915304625
RT-IoT2022,GWO,2,0.13664738978807436,0.9806186572560694,0.8825567915304625
RT-IoT2022,GWO,3,0.15671171677817153,0.9806186572560694,0.8825567915304625
RT-IoT2022,GWO,4,0.2426321729615847,0.9806186572560694,0.8825567915304625
RT-IoT2022,GWO,5,0.23458767889800816,0.9806186572560694,0.8825567915304625
RT-IoT2022,GWO,6,0.23055258127054135,0.9806186572560694,0.8825567915304625
RT-IoT2022,GWO,7,0.35138122639414987,0.9806186572560694,0.8825567915304625
RT-IoT2022,GWO,8,0.39002666744428865,0.9806186572560694,0.8825567915304625
RT-IoT2022,GWO,9,0.36686313545813487,0.9806186572560694,0.8825567915304625
RT-IoT2022,GWO,10,0.39772512140394506,0.9806186572560694,0.8825567915304625
RT-IoT2022,GWO,11,0.392256355031233,0.9806186572560694,0.8825567915304625
RT-IoT2022,GWO,12,0.39219188740754957,0.9806186572560694,0.8825567915304625
RT-IoT2022,GWO,13,0.47724231465751293,0.9806186572560694,0.8825567915304625
RT-IoT2022,GWO,14,0.5609989022844072,0.9806186572560694,0.8825567915304625
RT-IoT2022,GWO,15,0.6987072504340986,0.9806186572560694,0.8825567915304625
RT-IoT2022,GWO,16,0.6891385372648783,0.9806186572560694,0.8825567915304625
RT-IoT2022,GWO,17,0.7204297700817154,0.9806186572560694,0.8825567915304625
RT-IoT2022,GWO,18,0.8247181564808224,0.9806186572560694,0.8825567915304625
RT-IoT2022,GWO,19,0.8457324033444121,0.9806186572560694,0.8825567915304625
RT-IoT2022,GWO,20,0.8456064648901257,0.9806186572560694,0.8825567915304625
RT-IoT2022,GWO,21,0.8459675878413457,0.9806186572560694,0.8825567915304625
RT-IoT2022,GWO,22,0.846282604286135,0.9806186572560694,0.8825567915304625
RT-IoT2022,GWO,23,0.8453987349981701,0.9806186572560694,0.8825567915304625
RT-IoT2022,GWO,24,0.8502804950357579,0.9806186572560694,0.8825567915304625
RT-IoT2022,GWO,25,0.8496492934626505,0.9806186572560694,0.8825567915304625
RT-IoT2022,GWO,26,0.850619390051803,0.9806186572560694,0.8825567915304625
RT-IoT2022,GWO,27,0.8519278228960635,0.9806186572560694,0.8825567915304625
RT-IoT2022,GWO,28,0.8521735486369199,0.9806186572560694,0.8825567915304625
RT-IoT2022,GWO,29,0.8531552607678203,0.9806186572560694,0.8825567915304625
RT-IoT2022,GWO,30,0.8478249865885985,0.9806186572560694,0.8825567915304625
RT-IoT2022,GWO,31,0.8488891157252709,0.9806186572560694,0.8825567915304625
RT-IoT2022,GWO,32,0.8504577084178958,0.9806186572560694,0.8825567915304625
RT-IoT2022,GWO,33,0.8855137556338745,0.9806186572560694,0.8825567915304625
